{"errors":[],"warnings":[],"namedChunkGroups":{"app":{"chunks":[11,4],"assets":["webpack-runtime-5033681c77c6fa281a79.js","webpack-runtime-5033681c77c6fa281a79.js.map","app-e144b74975c1a63b3e2e.js","app-e144b74975c1a63b3e2e.js.map"],"children":{},"childAssets":{}},"component---src-pages-404-js":{"chunks":[0,3,1,5],"assets":["0-cf1344e07a649b497fd6.js","0-cf1344e07a649b497fd6.js.map","3-0acc97f0fa416a30f810.js","3-0acc97f0fa416a30f810.js.map","1.385541af9436058d4990.css","1-ee15300fe27d37114a1c.js","1-ee15300fe27d37114a1c.js.map","component---src-pages-404-js-b4ca5e8cae7ed1bb9631.js","component---src-pages-404-js-b4ca5e8cae7ed1bb9631.js.map"],"children":{},"childAssets":{}},"component---src-pages-contacts-js":{"chunks":[0,1,6],"assets":["0-cf1344e07a649b497fd6.js","0-cf1344e07a649b497fd6.js.map","1.385541af9436058d4990.css","1-ee15300fe27d37114a1c.js","1-ee15300fe27d37114a1c.js.map","component---src-pages-contacts-js.8579b763f1c66759b88a.css","component---src-pages-contacts-js-f9b2ef254f5d41604862.js","component---src-pages-contacts-js-f9b2ef254f5d41604862.js.map"],"children":{},"childAssets":{}},"component---src-pages-drinks-js":{"chunks":[0,1,2,7],"assets":["0-cf1344e07a649b497fd6.js","0-cf1344e07a649b497fd6.js.map","1.385541af9436058d4990.css","1-ee15300fe27d37114a1c.js","1-ee15300fe27d37114a1c.js.map","2.2d6f251436c18293b3ec.css","2-010cf5a240aa082d237e.js","2-010cf5a240aa082d237e.js.map","component---src-pages-drinks-js.3fc15b9303045a99ace7.css","component---src-pages-drinks-js-563f493f14cab69ac53c.js","component---src-pages-drinks-js-563f493f14cab69ac53c.js.map"],"children":{},"childAssets":{}},"component---src-pages-food-js":{"chunks":[0,1,2,8],"assets":["0-cf1344e07a649b497fd6.js","0-cf1344e07a649b497fd6.js.map","1.385541af9436058d4990.css","1-ee15300fe27d37114a1c.js","1-ee15300fe27d37114a1c.js.map","2.2d6f251436c18293b3ec.css","2-010cf5a240aa082d237e.js","2-010cf5a240aa082d237e.js.map","component---src-pages-food-js-aa22aaa1398de531f18f.js","component---src-pages-food-js-aa22aaa1398de531f18f.js.map"],"children":{},"childAssets":{}},"component---src-pages-index-js":{"chunks":[0,3,12,1,9],"assets":["0-cf1344e07a649b497fd6.js","0-cf1344e07a649b497fd6.js.map","3-0acc97f0fa416a30f810.js","3-0acc97f0fa416a30f810.js.map","12.b0db11f95100682f6afb.css","12-9408e5d7e737aec8d035.js","12-9408e5d7e737aec8d035.js.map","1.385541af9436058d4990.css","1-ee15300fe27d37114a1c.js","1-ee15300fe27d37114a1c.js.map","component---src-pages-index-js.ad765404aef1ae94ce5e.css","component---src-pages-index-js-483918717aed2b07b9d0.js","component---src-pages-index-js-483918717aed2b07b9d0.js.map"],"children":{},"childAssets":{}},"pages-manifest":{"chunks":[10],"assets":["pages-manifest-1b733fb2480e17458437.js","pages-manifest-1b733fb2480e17458437.js.map"],"children":{},"childAssets":{}}},"assetsByChunkName":{"app":["webpack-runtime-5033681c77c6fa281a79.js","app-e144b74975c1a63b3e2e.js"],"component---src-pages-404-js":["0-cf1344e07a649b497fd6.js","3-0acc97f0fa416a30f810.js","1.385541af9436058d4990.css","1-ee15300fe27d37114a1c.js","component---src-pages-404-js-b4ca5e8cae7ed1bb9631.js"],"component---src-pages-contacts-js":["0-cf1344e07a649b497fd6.js","1.385541af9436058d4990.css","1-ee15300fe27d37114a1c.js","component---src-pages-contacts-js.8579b763f1c66759b88a.css","component---src-pages-contacts-js-f9b2ef254f5d41604862.js"],"component---src-pages-drinks-js":["0-cf1344e07a649b497fd6.js","1.385541af9436058d4990.css","1-ee15300fe27d37114a1c.js","2.2d6f251436c18293b3ec.css","2-010cf5a240aa082d237e.js","component---src-pages-drinks-js.3fc15b9303045a99ace7.css","component---src-pages-drinks-js-563f493f14cab69ac53c.js"],"component---src-pages-food-js":["0-cf1344e07a649b497fd6.js","1.385541af9436058d4990.css","1-ee15300fe27d37114a1c.js","2.2d6f251436c18293b3ec.css","2-010cf5a240aa082d237e.js","component---src-pages-food-js-aa22aaa1398de531f18f.js"],"component---src-pages-index-js":["0-cf1344e07a649b497fd6.js","3-0acc97f0fa416a30f810.js","12.b0db11f95100682f6afb.css","12-9408e5d7e737aec8d035.js","1.385541af9436058d4990.css","1-ee15300fe27d37114a1c.js","component---src-pages-index-js.ad765404aef1ae94ce5e.css","component---src-pages-index-js-483918717aed2b07b9d0.js"],"pages-manifest":["pages-manifest-1b733fb2480e17458437.js"]}}