{"errors":[],"warnings":[],"namedChunkGroups":{"app":{"chunks":[11,4],"assets":["webpack-runtime-31b9ef2be306e0a911d3.js","webpack-runtime-31b9ef2be306e0a911d3.js.map","app-6c32008e2135992ad5e8.js","app-6c32008e2135992ad5e8.js.map"],"children":{},"childAssets":{}},"component---src-pages-404-js":{"chunks":[0,3,1,5],"assets":["0-3ddd6079a0ee078c691d.js","0-3ddd6079a0ee078c691d.js.map","3-0acc97f0fa416a30f810.js","3-0acc97f0fa416a30f810.js.map","1.aeb399cd9a7133b534d8.css","1-ee15300fe27d37114a1c.js","1-ee15300fe27d37114a1c.js.map","component---src-pages-404-js-b4ca5e8cae7ed1bb9631.js","component---src-pages-404-js-b4ca5e8cae7ed1bb9631.js.map"],"children":{},"childAssets":{}},"component---src-pages-contacts-js":{"chunks":[0,1,6],"assets":["0-3ddd6079a0ee078c691d.js","0-3ddd6079a0ee078c691d.js.map","1.aeb399cd9a7133b534d8.css","1-ee15300fe27d37114a1c.js","1-ee15300fe27d37114a1c.js.map","component---src-pages-contacts-js.53489998b014a8c870ef.css","component---src-pages-contacts-js-523071d9dc1f94f878f5.js","component---src-pages-contacts-js-523071d9dc1f94f878f5.js.map"],"children":{},"childAssets":{}},"component---src-pages-drinks-js":{"chunks":[0,1,2,7],"assets":["0-3ddd6079a0ee078c691d.js","0-3ddd6079a0ee078c691d.js.map","1.aeb399cd9a7133b534d8.css","1-ee15300fe27d37114a1c.js","1-ee15300fe27d37114a1c.js.map","2.15631f0f7a3bbc478f50.css","2-12ff524cb19512725741.js","2-12ff524cb19512725741.js.map","component---src-pages-drinks-js.3fc15b9303045a99ace7.css","component---src-pages-drinks-js-563f493f14cab69ac53c.js","component---src-pages-drinks-js-563f493f14cab69ac53c.js.map"],"children":{},"childAssets":{}},"component---src-pages-food-js":{"chunks":[0,1,2,8],"assets":["0-3ddd6079a0ee078c691d.js","0-3ddd6079a0ee078c691d.js.map","1.aeb399cd9a7133b534d8.css","1-ee15300fe27d37114a1c.js","1-ee15300fe27d37114a1c.js.map","2.15631f0f7a3bbc478f50.css","2-12ff524cb19512725741.js","2-12ff524cb19512725741.js.map","component---src-pages-food-js-aa22aaa1398de531f18f.js","component---src-pages-food-js-aa22aaa1398de531f18f.js.map"],"children":{},"childAssets":{}},"component---src-pages-index-js":{"chunks":[0,3,12,1,9],"assets":["0-3ddd6079a0ee078c691d.js","0-3ddd6079a0ee078c691d.js.map","3-0acc97f0fa416a30f810.js","3-0acc97f0fa416a30f810.js.map","12.b0db11f95100682f6afb.css","12-9408e5d7e737aec8d035.js","12-9408e5d7e737aec8d035.js.map","1.aeb399cd9a7133b534d8.css","1-ee15300fe27d37114a1c.js","1-ee15300fe27d37114a1c.js.map","component---src-pages-index-js.14badceca9cc63d00dae.css","component---src-pages-index-js-a1b8f246a88a509ce33f.js","component---src-pages-index-js-a1b8f246a88a509ce33f.js.map"],"children":{},"childAssets":{}},"pages-manifest":{"chunks":[10],"assets":["pages-manifest-1b733fb2480e17458437.js","pages-manifest-1b733fb2480e17458437.js.map"],"children":{},"childAssets":{}}},"assetsByChunkName":{"app":["webpack-runtime-31b9ef2be306e0a911d3.js","app-6c32008e2135992ad5e8.js"],"component---src-pages-404-js":["0-3ddd6079a0ee078c691d.js","3-0acc97f0fa416a30f810.js","1.aeb399cd9a7133b534d8.css","1-ee15300fe27d37114a1c.js","component---src-pages-404-js-b4ca5e8cae7ed1bb9631.js"],"component---src-pages-contacts-js":["0-3ddd6079a0ee078c691d.js","1.aeb399cd9a7133b534d8.css","1-ee15300fe27d37114a1c.js","component---src-pages-contacts-js.53489998b014a8c870ef.css","component---src-pages-contacts-js-523071d9dc1f94f878f5.js"],"component---src-pages-drinks-js":["0-3ddd6079a0ee078c691d.js","1.aeb399cd9a7133b534d8.css","1-ee15300fe27d37114a1c.js","2.15631f0f7a3bbc478f50.css","2-12ff524cb19512725741.js","component---src-pages-drinks-js.3fc15b9303045a99ace7.css","component---src-pages-drinks-js-563f493f14cab69ac53c.js"],"component---src-pages-food-js":["0-3ddd6079a0ee078c691d.js","1.aeb399cd9a7133b534d8.css","1-ee15300fe27d37114a1c.js","2.15631f0f7a3bbc478f50.css","2-12ff524cb19512725741.js","component---src-pages-food-js-aa22aaa1398de531f18f.js"],"component---src-pages-index-js":["0-3ddd6079a0ee078c691d.js","3-0acc97f0fa416a30f810.js","12.b0db11f95100682f6afb.css","12-9408e5d7e737aec8d035.js","1.aeb399cd9a7133b534d8.css","1-ee15300fe27d37114a1c.js","component---src-pages-index-js.14badceca9cc63d00dae.css","component---src-pages-index-js-a1b8f246a88a509ce33f.js"],"pages-manifest":["pages-manifest-1b733fb2480e17458437.js"]}}