{"errors":[],"warnings":[],"namedChunkGroups":{"app":{"chunks":[11,4],"assets":["webpack-runtime-76d71a604c844c7988d5.js","webpack-runtime-76d71a604c844c7988d5.js.map","app-d8c29c762ee456c2e78b.js","app-d8c29c762ee456c2e78b.js.map"],"children":{},"childAssets":{}},"component---src-pages-404-js":{"chunks":[0,3,1,5],"assets":["0-6175a262e20acfef3ea2.js","0-6175a262e20acfef3ea2.js.map","3-2b1d7fae24e2c081c18b.js","3-2b1d7fae24e2c081c18b.js.map","1.41494c61d41949886408.css","1-43eb50ee2a12bb4167a3.js","1-43eb50ee2a12bb4167a3.js.map","component---src-pages-404-js.6a0c7232a4e6a1ebb3ad.css","component---src-pages-404-js-5c4594c841d4e8075090.js","component---src-pages-404-js-5c4594c841d4e8075090.js.map"],"children":{},"childAssets":{}},"component---src-pages-contacts-js":{"chunks":[0,1,6],"assets":["0-6175a262e20acfef3ea2.js","0-6175a262e20acfef3ea2.js.map","1.41494c61d41949886408.css","1-43eb50ee2a12bb4167a3.js","1-43eb50ee2a12bb4167a3.js.map","component---src-pages-contacts-js.324577e7c9157f220aac.css","component---src-pages-contacts-js-c1f053e2e2f052abbded.js","component---src-pages-contacts-js-c1f053e2e2f052abbded.js.map"],"children":{},"childAssets":{}},"component---src-pages-drinks-js":{"chunks":[0,1,2,7],"assets":["0-6175a262e20acfef3ea2.js","0-6175a262e20acfef3ea2.js.map","1.41494c61d41949886408.css","1-43eb50ee2a12bb4167a3.js","1-43eb50ee2a12bb4167a3.js.map","2.72c6420413645849399b.css","2-e3592815db98262088d6.js","2-e3592815db98262088d6.js.map","component---src-pages-drinks-js.3fc15b9303045a99ace7.css","component---src-pages-drinks-js-10d5b5b14584e49558d9.js","component---src-pages-drinks-js-10d5b5b14584e49558d9.js.map"],"children":{},"childAssets":{}},"component---src-pages-food-js":{"chunks":[0,1,2,8],"assets":["0-6175a262e20acfef3ea2.js","0-6175a262e20acfef3ea2.js.map","1.41494c61d41949886408.css","1-43eb50ee2a12bb4167a3.js","1-43eb50ee2a12bb4167a3.js.map","2.72c6420413645849399b.css","2-e3592815db98262088d6.js","2-e3592815db98262088d6.js.map","component---src-pages-food-js-1f3582293cf615e14afd.js","component---src-pages-food-js-1f3582293cf615e14afd.js.map"],"children":{},"childAssets":{}},"component---src-pages-index-js":{"chunks":[0,3,12,1,9],"assets":["0-6175a262e20acfef3ea2.js","0-6175a262e20acfef3ea2.js.map","3-2b1d7fae24e2c081c18b.js","3-2b1d7fae24e2c081c18b.js.map","12.b0db11f95100682f6afb.css","12-b792f548ec2ae16e915d.js","12-b792f548ec2ae16e915d.js.map","1.41494c61d41949886408.css","1-43eb50ee2a12bb4167a3.js","1-43eb50ee2a12bb4167a3.js.map","component---src-pages-index-js.196b9e14fdd86e54e2e8.css","component---src-pages-index-js-37487ba403b422270dc7.js","component---src-pages-index-js-37487ba403b422270dc7.js.map"],"children":{},"childAssets":{}},"pages-manifest":{"chunks":[10],"assets":["pages-manifest-1830c4f54cca0ee16e07.js","pages-manifest-1830c4f54cca0ee16e07.js.map"],"children":{},"childAssets":{}}},"assetsByChunkName":{"app":["webpack-runtime-76d71a604c844c7988d5.js","app-d8c29c762ee456c2e78b.js"],"component---src-pages-404-js":["0-6175a262e20acfef3ea2.js","3-2b1d7fae24e2c081c18b.js","1.41494c61d41949886408.css","1-43eb50ee2a12bb4167a3.js","component---src-pages-404-js.6a0c7232a4e6a1ebb3ad.css","component---src-pages-404-js-5c4594c841d4e8075090.js"],"component---src-pages-contacts-js":["0-6175a262e20acfef3ea2.js","1.41494c61d41949886408.css","1-43eb50ee2a12bb4167a3.js","component---src-pages-contacts-js.324577e7c9157f220aac.css","component---src-pages-contacts-js-c1f053e2e2f052abbded.js"],"component---src-pages-drinks-js":["0-6175a262e20acfef3ea2.js","1.41494c61d41949886408.css","1-43eb50ee2a12bb4167a3.js","2.72c6420413645849399b.css","2-e3592815db98262088d6.js","component---src-pages-drinks-js.3fc15b9303045a99ace7.css","component---src-pages-drinks-js-10d5b5b14584e49558d9.js"],"component---src-pages-food-js":["0-6175a262e20acfef3ea2.js","1.41494c61d41949886408.css","1-43eb50ee2a12bb4167a3.js","2.72c6420413645849399b.css","2-e3592815db98262088d6.js","component---src-pages-food-js-1f3582293cf615e14afd.js"],"component---src-pages-index-js":["0-6175a262e20acfef3ea2.js","3-2b1d7fae24e2c081c18b.js","12.b0db11f95100682f6afb.css","12-b792f548ec2ae16e915d.js","1.41494c61d41949886408.css","1-43eb50ee2a12bb4167a3.js","component---src-pages-index-js.196b9e14fdd86e54e2e8.css","component---src-pages-index-js-37487ba403b422270dc7.js"],"pages-manifest":["pages-manifest-1830c4f54cca0ee16e07.js"]}}